,Date,High,Low,Open,Close,Volume,Adj_Close
2014,2018-01-02 00:00:00,172.3000030517580,169.25999450683600,170.16000366210900,172.25999450683600,25555900.0,168.33905029296900
2015,2018-01-03 00:00:00,174.5500030517580,171.9600067138670,172.52999877929700,172.22999572753900,29517900.0,168.3097381591800
2016,2018-01-04 00:00:00,173.47000122070300,172.0800018310550,172.5399932861330,173.02999877929700,22434600.0,169.09152221679700
2017,2018-01-05 00:00:00,175.3699951171880,173.0500030517580,173.44000244140600,175.0,23660000.0,171.0166778564450
2018,2018-01-08 00:00:00,175.61000061035200,173.92999267578100,174.35000610351600,174.35000610351600,20567800.0,170.38148498535200
2019,2018-01-09 00:00:00,175.05999755859400,173.41000366210900,174.5500030517580,174.3300018310550,21584000.0,170.36195373535200
2020,2018-01-10 00:00:00,174.3000030517580,173.0,173.16000366210900,174.2899932861330,23959900.0,170.32284545898400
2021,2018-01-11 00:00:00,175.49000549316400,174.49000549316400,174.58999633789100,175.27999877929700,18667700.0,171.2903289794920
2022,2018-01-12 00:00:00,177.36000061035200,175.64999389648400,176.17999267578100,177.08999633789100,25418100.0,173.05911254882800
2023,2018-01-16 00:00:00,179.38999938964800,176.13999938964800,177.89999389648400,176.19000244140600,29565900.0,172.1796112060550
2024,2018-01-17 00:00:00,179.25,175.07000732421900,176.14999389648400,179.10000610351600,34386800.0,175.0233612060550
2025,2018-01-18 00:00:00,180.10000610351600,178.25,179.3699951171880,179.25999450683600,31193400.0,175.17971801757800
2026,2018-01-19 00:00:00,179.5800018310550,177.41000366210900,178.61000061035200,178.4600067138670,32425100.0,174.39794921875
2027,2018-01-22 00:00:00,177.77999877929700,176.60000610351600,177.3000030517580,177.0,27108600.0,172.97117614746100
2028,2018-01-23 00:00:00,179.44000244140600,176.82000732421900,177.3000030517580,177.0399932861330,32689100.0,173.01025390625
2029,2018-01-24 00:00:00,177.3000030517580,173.1999969482420,177.25,174.22000122070300,51105100.0,170.2544403076170
2030,2018-01-25 00:00:00,174.9499969482420,170.52999877929700,174.50999450683600,171.11000061035200,41529000.0,167.2152099609380
2031,2018-01-26 00:00:00,172.0,170.05999755859400,172.0,171.50999450683600,39143000.0,167.60614013671900
2032,2018-01-29 00:00:00,170.16000366210900,167.07000732421900,170.16000366210900,167.9600067138670,50640400.0,164.13693237304700
2033,2018-01-30 00:00:00,167.3699951171880,164.6999969482420,165.52999877929700,166.97000122070300,46048200.0,163.16946411132800
2034,2018-01-31 00:00:00,168.44000244140600,166.5,166.8699951171880,167.42999267578100,32478900.0,163.61898803710900
2035,2018-02-01 00:00:00,168.6199951171880,166.75999450683600,167.1699981689450,167.77999877929700,47230800.0,163.9610137939450
2036,2018-02-02 00:00:00,166.8000030517580,160.10000610351600,166.0,160.5,86593800.0,156.84674072265600
2037,2018-02-05 00:00:00,163.8800048828130,156.0,159.10000610351600,156.49000549316400,72738500.0,152.92800903320300
2038,2018-02-06 00:00:00,163.72000122070300,154.0,154.8300018310550,163.02999877929700,68243800.0,159.3191375732420
2039,2018-02-07 00:00:00,163.39999389648400,159.07000732421900,163.08999633789100,159.5399932861330,51608600.0,155.9085693359380
2040,2018-02-08 00:00:00,161.0,155.02999877929700,160.2899932861330,155.14999389648400,54390500.0,151.61851501464800
2041,2018-02-09 00:00:00,157.88999938964800,150.24000549316400,157.07000732421900,156.41000366210900,70672600.0,153.4730224609380
2042,2018-02-12 00:00:00,163.88999938964800,157.50999450683600,158.5,162.7100067138670,60819500.0,159.6547393798830
2043,2018-02-13 00:00:00,164.75,161.64999389648400,161.9499969482420,164.33999633789100,32549200.0,161.2541046142580
2044,2018-02-14 00:00:00,167.5399932861330,162.8800048828130,163.0399932861330,167.3699951171880,40644900.0,164.22720336914100
2045,2018-02-15 00:00:00,173.08999633789100,169.0,169.7899932861330,172.99000549316400,51147200.0,169.74168395996100
2046,2018-02-16 00:00:00,174.82000732421900,171.77000427246100,172.36000061035200,172.42999267578100,40176100.0,169.19219970703100
2047,2018-02-20 00:00:00,174.25999450683600,171.4199981689450,172.0500030517580,171.85000610351600,33930500.0,168.6230926513670
2048,2018-02-21 00:00:00,174.1199951171880,171.00999450683600,172.8300018310550,171.07000732421900,37471600.0,167.8577423095700
2049,2018-02-22 00:00:00,173.9499969482420,171.7100067138670,171.8000030517580,172.5,30991900.0,169.26089477539100
2050,2018-02-23 00:00:00,175.64999389648400,173.5399932861330,173.6699981689450,175.5,33812400.0,172.20455932617200
2051,2018-02-26 00:00:00,179.38999938964800,176.2100067138670,176.35000610351600,178.97000122070300,38162200.0,175.60940551757800
2052,2018-02-27 00:00:00,180.47999572753900,178.16000366210900,179.10000610351600,178.38999938964800,38928100.0,175.04029846191400
2053,2018-02-28 00:00:00,180.6199951171880,178.0500030517580,179.25999450683600,178.1199951171880,37782100.0,174.77536010742200
2054,2018-03-01 00:00:00,179.77999877929700,172.66000366210900,178.5399932861330,175.0,48802000.0,171.71392822265600
2055,2018-03-02 00:00:00,176.3000030517580,172.4499969482420,172.8000030517580,176.2100067138670,38454000.0,172.90122985839800
2056,2018-03-05 00:00:00,177.74000549316400,174.52000427246100,175.2100067138670,176.82000732421900,28401400.0,173.49977111816400
2057,2018-03-06 00:00:00,178.25,176.1300048828130,177.91000366210900,176.6699981689450,23788500.0,173.35260009765600
2058,2018-03-07 00:00:00,175.85000610351600,174.27000427246100,174.94000244140600,175.02999877929700,31703500.0,171.74339294433600
2059,2018-03-08 00:00:00,177.1199951171880,175.07000732421900,175.47999572753900,176.94000244140600,23774100.0,173.6175079345700
2060,2018-03-09 00:00:00,180.0,177.38999938964800,177.9600067138670,179.97999572753900,32185200.0,176.6004180908200
2061,2018-03-12 00:00:00,182.38999938964800,180.2100067138670,180.2899932861330,181.72000122070300,32207100.0,178.30775451660200
2062,2018-03-13 00:00:00,183.5,179.24000549316400,182.58999633789100,179.97000122070300,31693500.0,176.59063720703100
2063,2018-03-14 00:00:00,180.52000427246100,177.80999755859400,180.32000732421900,178.44000244140600,29368400.0,175.08934020996100
2064,2018-03-15 00:00:00,180.24000549316400,178.07000732421900,178.5,178.64999389648400,22743800.0,175.29539489746100
2065,2018-03-16 00:00:00,179.1199951171880,177.6199951171880,178.64999389648400,178.02000427246100,39404700.0,174.67724609375
2066,2018-03-19 00:00:00,177.47000122070300,173.66000366210900,177.32000732421900,175.3000030517580,33446800.0,172.00831604003900
2067,2018-03-20 00:00:00,176.8000030517580,174.94000244140600,175.24000549316400,175.24000549316400,19649400.0,171.94944763183600
2068,2018-03-21 00:00:00,175.08999633789100,171.25999450683600,175.0399932861330,171.27000427246100,37054900.0,168.05398559570300
2069,2018-03-22 00:00:00,172.67999267578100,168.60000610351600,170.0,168.85000610351600,41490800.0,165.67941284179700
2070,2018-03-23 00:00:00,169.9199981689450,164.94000244140600,168.38999938964800,164.94000244140600,41028800.0,161.84286499023400
2071,2018-03-26 00:00:00,173.10000610351600,166.44000244140600,168.07000732421900,172.77000427246100,37541200.0,169.5258331298830
2072,2018-03-27 00:00:00,175.14999389648400,166.9199981689450,173.67999267578100,168.33999633789100,40922600.0,165.1790008544920
2073,2018-03-28 00:00:00,170.02000427246100,165.19000244140600,167.25,166.47999572753900,41668500.0,163.3539276123050
2074,2018-03-29 00:00:00,171.75,166.89999389648400,167.80999755859400,167.77999877929700,38398500.0,164.62950134277300
2075,2018-04-02 00:00:00,168.94000244140600,164.47000122070300,166.63999938964800,166.67999267578100,37586800.0,163.5501708984380
2076,2018-04-03 00:00:00,168.75,164.8800048828130,167.63999938964800,168.38999938964800,30278000.0,165.2280731201170
2077,2018-04-04 00:00:00,172.00999450683600,164.77000427246100,164.8800048828130,171.61000061035200,34605500.0,168.38760375976600
2078,2018-04-05 00:00:00,174.22999572753900,172.0800018310550,172.5800018310550,172.8000030517580,26933200.0,169.5552520751950
2079,2018-04-06 00:00:00,172.47999572753900,168.1999969482420,170.97000122070300,168.3800048828130,35005300.0,165.21826171875
2080,2018-04-09 00:00:00,173.08999633789100,169.85000610351600,169.8800048828130,170.0500030517580,29017700.0,166.8568878173830
2081,2018-04-10 00:00:00,174.0,171.52999877929700,173.0,173.25,28408600.0,169.996826171875
2082,2018-04-11 00:00:00,173.9199981689450,171.6999969482420,172.22999572753900,172.44000244140600,22431600.0,169.20201110839800
2083,2018-04-12 00:00:00,175.0,173.0399932861330,173.41000366210900,174.13999938964800,22889300.0,170.87010192871100
2084,2018-04-13 00:00:00,175.83999633789100,173.85000610351600,174.77999877929700,174.72999572753900,25124300.0,171.4490203857420
2085,2018-04-16 00:00:00,176.19000244140600,174.8300018310550,175.02999877929700,175.82000732421900,21578400.0,172.51856994628900
2086,2018-04-17 00:00:00,178.94000244140600,176.41000366210900,176.49000549316400,178.24000549316400,26605400.0,174.8931121826170
2087,2018-04-18 00:00:00,178.82000732421900,176.8800048828130,177.80999755859400,177.83999633789100,20754500.0,174.5006103515630
2088,2018-04-19 00:00:00,175.38999938964800,172.66000366210900,173.75999450683600,172.8000030517580,34808800.0,169.5552520751950
2089,2018-04-20 00:00:00,171.22000122070300,165.42999267578100,170.60000610351600,165.72000122070300,65491100.0,162.60818481445300
2090,2018-04-23 00:00:00,166.9199981689450,164.08999633789100,166.8300018310550,165.24000549316400,36515500.0,162.13723754882800
2091,2018-04-24 00:00:00,166.3300018310550,161.22000122070300,165.6699981689450,162.94000244140600,33692000.0,159.88040161132800
2092,2018-04-25 00:00:00,165.4199981689450,162.41000366210900,162.6199951171880,163.64999389648400,28382100.0,160.57705688476600
2093,2018-04-26 00:00:00,165.72999572753900,163.3699951171880,164.1199951171880,164.22000122070300,27963000.0,161.13636779785200
2094,2018-04-27 00:00:00,164.3300018310550,160.6300048828130,164.0,162.32000732421900,35655800.0,159.2720489501950
2095,2018-04-30 00:00:00,167.25999450683600,161.83999633789100,162.1300048828130,165.25999450683600,42427400.0,162.15682983398400
2096,2018-05-01 00:00:00,169.1999969482420,165.27000427246100,166.41000366210900,169.10000610351600,53569400.0,165.9247283935550
2097,2018-05-02 00:00:00,177.75,173.8000030517580,175.22999572753900,176.57000732421900,66539400.0,173.2544708251950
2098,2018-05-03 00:00:00,177.5,174.44000244140600,175.8800048828130,176.88999938964800,34068200.0,173.56846618652300
2099,2018-05-04 00:00:00,184.25,178.1699981689450,178.25,183.8300018310550,56201300.0,180.37814331054700
2100,2018-05-07 00:00:00,187.6699981689450,184.75,185.17999267578100,185.16000366210900,42451400.0,181.68316650390600
2101,2018-05-08 00:00:00,186.22000122070300,183.6699981689450,184.99000549316400,186.0500030517580,28402800.0,182.55645751953100
2102,2018-05-09 00:00:00,187.39999389648400,185.22000122070300,186.5500030517580,187.36000061035200,23211200.0,183.84185791015600
2103,2018-05-10 00:00:00,190.3699951171880,187.64999389648400,187.74000549316400,190.0399932861330,27989300.0,186.47152709960900
2104,2018-05-11 00:00:00,190.05999755859400,187.4499969482420,189.49000549316400,188.58999633789100,26212200.0,185.7623291015630
2105,2018-05-14 00:00:00,189.52999877929700,187.86000061035200,189.00999450683600,188.14999389648400,20778800.0,185.32891845703100
2106,2018-05-15 00:00:00,187.07000732421900,185.10000610351600,186.77999877929700,186.44000244140600,23695200.0,183.6445770263670
2107,2018-05-16 00:00:00,188.4600067138670,186.0,186.07000732421900,188.17999267578100,19183100.0,185.3584747314450
2108,2018-05-17 00:00:00,188.91000366210900,186.36000061035200,188.0,186.99000549316400,17294000.0,184.18630981445300
2109,2018-05-18 00:00:00,187.80999755859400,186.1300048828130,187.19000244140600,186.30999755859400,18297700.0,183.51651000976600
2110,2018-05-21 00:00:00,189.27000427246100,186.91000366210900,188.0,187.6300048828130,18400800.0,184.81671142578100
2111,2018-05-22 00:00:00,188.8800048828130,186.77999877929700,188.3800048828130,187.16000366210900,15240700.0,184.353759765625
2112,2018-05-23 00:00:00,188.5,185.75999450683600,186.35000610351600,188.36000061035200,20058400.0,185.5357666015630
2113,2018-05-24 00:00:00,188.83999633789100,186.2100067138670,188.77000427246100,188.14999389648400,23234000.0,185.32891845703100
2114,2018-05-25 00:00:00,189.64999389648400,187.64999389648400,188.22999572753900,188.5800018310550,17461000.0,185.7524871826170
2115,2018-05-29 00:00:00,188.75,186.8699951171880,187.60000610351600,187.89999389648400,22514100.0,185.08267211914100
2116,2018-05-30 00:00:00,188.0,186.77999877929700,187.72000122070300,187.5,18690500.0,184.6886749267580
2117,2018-05-31 00:00:00,188.22999572753900,186.13999938964800,187.22000122070300,186.8699951171880,27482800.0,184.068115234375
2118,2018-06-01 00:00:00,190.25999450683600,187.75,187.99000549316400,190.24000549316400,23442500.0,187.38760375976600
2119,2018-06-04 00:00:00,193.4199981689450,191.35000610351600,191.63999938964800,191.8300018310550,26266200.0,188.95375061035200
2120,2018-06-05 00:00:00,193.94000244140600,192.36000061035200,193.07000732421900,193.30999755859400,21566000.0,190.41156005859400
2121,2018-06-06 00:00:00,194.0800018310550,191.9199981689450,193.6300048828130,193.97999572753900,20933600.0,191.0714874267580
2122,2018-06-07 00:00:00,194.1999969482420,192.33999633789100,194.13999938964800,193.4600067138670,21347200.0,190.55931091308600
2123,2018-06-08 00:00:00,192.0,189.77000427246100,191.1699981689450,191.6999969482420,26656800.0,188.82569885253900
2124,2018-06-11 00:00:00,191.97000122070300,190.2100067138670,191.35000610351600,191.22999572753900,18308500.0,188.3627471923830
2125,2018-06-12 00:00:00,192.61000061035200,191.14999389648400,191.38999938964800,192.27999877929700,16911100.0,189.39700317382800
2126,2018-06-13 00:00:00,192.8800048828130,190.44000244140600,192.4199981689450,190.6999969482420,21638400.0,187.84068298339800
2127,2018-06-14 00:00:00,191.57000732421900,190.22000122070300,191.5500030517580,190.8000030517580,21610100.0,187.93919372558600
2128,2018-06-15 00:00:00,190.16000366210900,188.25999450683600,190.02999877929700,188.83999633789100,61719200.0,186.00857543945300
2129,2018-06-18 00:00:00,189.22000122070300,187.1999969482420,187.8800048828130,188.74000549316400,18484900.0,185.9100799560550
2130,2018-06-19 00:00:00,186.3300018310550,183.4499969482420,185.13999938964800,185.69000244140600,33578500.0,182.9058074951170
2131,2018-06-20 00:00:00,187.1999969482420,185.72999572753900,186.35000610351600,186.5,20628700.0,183.7036590576170
2132,2018-06-21 00:00:00,188.35000610351600,184.94000244140600,187.25,185.4600067138670,25711900.0,182.6792449951170
2133,2018-06-22 00:00:00,186.14999389648400,184.6999969482420,186.1199951171880,184.9199981689450,27200400.0,182.14735412597700
2134,2018-06-25 00:00:00,184.9199981689450,180.72999572753900,183.39999389648400,182.1699981689450,31663100.0,179.43858337402300
2135,2018-06-26 00:00:00,186.52999877929700,182.5399932861330,182.99000549316400,184.42999267578100,24569200.0,181.6646728515630
2136,2018-06-27 00:00:00,187.27999877929700,184.02999877929700,185.22999572753900,184.16000366210900,25285300.0,181.39874267578100
2137,2018-06-28 00:00:00,186.2100067138670,183.8000030517580,184.10000610351600,185.5,17365200.0,182.71864318847700
2138,2018-06-29 00:00:00,187.19000244140600,182.91000366210900,186.2899932861330,185.11000061035200,22737700.0,182.33448791503900
2139,2018-07-02 00:00:00,187.3000030517580,183.4199981689450,183.82000732421900,187.17999267578100,17731300.0,184.3734588623050
2140,2018-07-03 00:00:00,187.9499969482420,183.5399932861330,187.7899932861330,183.9199981689450,13954800.0,181.162353515625
2141,2018-07-05 00:00:00,186.41000366210900,184.27999877929700,185.25999450683600,185.39999389648400,16604200.0,182.6201629638670
2142,2018-07-06 00:00:00,188.42999267578100,185.1999969482420,185.4199981689450,187.97000122070300,17485200.0,185.15162658691400
2143,2018-07-09 00:00:00,190.67999267578100,189.3000030517580,189.5,190.5800018310550,19756600.0,187.7224884033200
2144,2018-07-10 00:00:00,191.27999877929700,190.17999267578100,190.7100067138670,190.35000610351600,15939100.0,187.49594116210900
2145,2018-07-11 00:00:00,189.77999877929700,187.61000061035200,188.5,187.8800048828130,18831500.0,185.06297302246100
2146,2018-07-12 00:00:00,191.41000366210900,189.30999755859400,189.52999877929700,191.02999877929700,18041100.0,188.16574096679700
2147,2018-07-13 00:00:00,191.83999633789100,190.89999389648400,191.0800018310550,191.3300018310550,12513900.0,188.46124267578100
2148,2018-07-16 00:00:00,192.64999389648400,190.4199981689450,191.52000427246100,190.91000366210900,15043100.0,188.0475311279300
2149,2018-07-17 00:00:00,191.8699951171880,189.1999969482420,189.75,191.4499969482420,15534500.0,188.57945251464800
2150,2018-07-18 00:00:00,191.8000030517580,189.92999267578100,191.77999877929700,190.39999389648400,16393400.0,187.54518127441400
2151,2018-07-19 00:00:00,192.5500030517580,189.69000244140600,189.69000244140600,191.8800048828130,20286800.0,189.0030059814450
2152,2018-07-20 00:00:00,192.42999267578100,190.1699981689450,191.77999877929700,191.44000244140600,20676200.0,188.56959533691400
2153,2018-07-23 00:00:00,191.9600067138670,189.55999755859400,190.67999267578100,191.61000061035200,15989400.0,188.73703002929700
2154,2018-07-24 00:00:00,193.66000366210900,192.0500030517580,192.4499969482420,193.0,18697900.0,190.10621643066400
2155,2018-07-25 00:00:00,194.85000610351600,192.42999267578100,193.05999755859400,194.82000732421900,16709900.0,191.89892578125
2156,2018-07-26 00:00:00,195.9600067138670,193.61000061035200,194.61000061035200,194.2100067138670,19076000.0,191.29808044433600
2157,2018-07-27 00:00:00,195.19000244140600,190.10000610351600,194.99000549316400,190.97999572753900,24024000.0,188.1165008544920
2158,2018-07-30 00:00:00,192.1999969482420,189.07000732421900,191.89999389648400,189.91000366210900,21029500.0,187.0625457763670
2159,2018-07-31 00:00:00,192.13999938964800,189.33999633789100,190.3000030517580,190.2899932861330,39373000.0,187.43682861328100
2160,2018-08-01 00:00:00,201.75999450683600,197.30999755859400,199.1300048828130,201.5,67935700.0,198.478759765625
2161,2018-08-02 00:00:00,208.3800048828130,200.35000610351600,200.5800018310550,207.38999938964800,62404000.0,204.28045654296900
2162,2018-08-03 00:00:00,208.74000549316400,205.47999572753900,207.02999877929700,207.99000549316400,33447400.0,204.87144470214800
2163,2018-08-06 00:00:00,209.25,207.07000732421900,208.0,209.07000732421900,25425400.0,205.9352569580080
2164,2018-08-07 00:00:00,209.5,206.75999450683600,209.32000732421900,207.11000061035200,25587400.0,204.004638671875
2165,2018-08-08 00:00:00,207.80999755859400,204.52000427246100,206.0500030517580,207.25,22525500.0,204.1425323486330
2166,2018-08-09 00:00:00,209.77999877929700,207.1999969482420,209.52999877929700,208.8800048828130,23492600.0,205.74810791015600
2167,2018-08-10 00:00:00,209.10000610351600,206.6699981689450,207.36000061035200,207.52999877929700,24611200.0,205.13525390625
2168,2018-08-13 00:00:00,210.9499969482420,207.6999969482420,209.30999755859400,208.8699951171880,25890900.0,206.4597930908200
2169,2018-08-14 00:00:00,210.55999755859400,208.25999450683600,210.16000366210900,209.75,20748000.0,207.32965087890600
2170,2018-08-15 00:00:00,210.74000549316400,208.3300018310550,209.22000122070300,210.24000549316400,28807600.0,207.81399536132800
2171,2018-08-16 00:00:00,213.80999755859400,211.47000122070300,211.75,213.32000732421900,28500400.0,210.85845947265600
2172,2018-08-17 00:00:00,217.9499969482420,213.16000366210900,213.44000244140600,217.5800018310550,35427000.0,215.0692901611330
2173,2018-08-20 00:00:00,219.17999267578100,215.11000061035200,218.10000610351600,215.4600067138670,30287700.0,212.9737548828130
2174,2018-08-21 00:00:00,217.19000244140600,214.02999877929700,216.8000030517580,215.0399932861330,26159800.0,212.55860900878900
2175,2018-08-22 00:00:00,216.36000061035200,213.83999633789100,214.10000610351600,215.0500030517580,19018100.0,212.5684814453130
2176,2018-08-23 00:00:00,217.0500030517580,214.60000610351600,214.64999389648400,215.49000549316400,18883200.0,213.00341796875
2177,2018-08-24 00:00:00,216.89999389648400,215.11000061035200,216.60000610351600,216.16000366210900,18476400.0,213.66567993164100
2178,2018-08-27 00:00:00,218.74000549316400,216.3300018310550,217.14999389648400,217.94000244140600,20525100.0,215.42514038085900
2179,2018-08-28 00:00:00,220.5399932861330,218.9199981689450,219.00999450683600,219.6999969482420,22776800.0,217.16482543945300
2180,2018-08-29 00:00:00,223.49000549316400,219.41000366210900,220.14999389648400,222.97999572753900,27254800.0,220.406982421875
2181,2018-08-30 00:00:00,228.25999450683600,222.39999389648400,223.25,225.02999877929700,48793800.0,222.43331909179700
2182,2018-08-31 00:00:00,228.8699951171880,226.0,226.50999450683600,227.6300048828130,43340100.0,225.0033416748050
2183,2018-09-04 00:00:00,229.17999267578100,226.6300048828130,228.41000366210900,228.36000061035200,27390100.0,225.7248992919920
2184,2018-09-05 00:00:00,229.6699981689450,225.10000610351600,228.99000549316400,226.8699951171880,33333000.0,224.25209045410200
2185,2018-09-06 00:00:00,227.35000610351600,221.3000030517580,226.22999572753900,223.10000610351600,34290000.0,220.52560424804700
2186,2018-09-07 00:00:00,225.3699951171880,220.7100067138670,221.85000610351600,221.3000030517580,37619800.0,218.7463836669920
2187,2018-09-10 00:00:00,221.85000610351600,216.47000122070300,220.9499969482420,218.3300018310550,39516500.0,215.81065368652300
2188,2018-09-11 00:00:00,224.3000030517580,216.55999755859400,218.00999450683600,223.85000610351600,35749000.0,221.26695251464800
2189,2018-09-12 00:00:00,225.0,219.83999633789100,224.94000244140600,221.07000732421900,49278700.0,218.51904296875
2190,2018-09-13 00:00:00,228.35000610351600,222.57000732421900,223.52000427246100,226.41000366210900,41706400.0,223.7974090576170
2191,2018-09-14 00:00:00,226.83999633789100,222.52000427246100,225.75,223.83999633789100,31999300.0,221.25704956054700
2192,2018-09-17 00:00:00,222.9499969482420,217.27000427246100,222.14999389648400,217.8800048828130,37195100.0,215.3658447265630
2193,2018-09-18 00:00:00,221.85000610351600,217.1199951171880,217.7899932861330,218.24000549316400,31571700.0,215.7216796875
2194,2018-09-19 00:00:00,219.6199951171880,215.3000030517580,218.5,218.3699951171880,27123800.0,215.85018920898400
2195,2018-09-20 00:00:00,222.27999877929700,219.14999389648400,220.24000549316400,220.02999877929700,26608800.0,217.4910125732420
2196,2018-09-21 00:00:00,221.36000061035200,217.2899932861330,220.77999877929700,217.66000366210900,96246700.0,215.14837646484400
2197,2018-09-24 00:00:00,221.25999450683600,216.6300048828130,216.82000732421900,220.7899932861330,27693400.0,218.2422332763670
2198,2018-09-25 00:00:00,222.82000732421900,219.6999969482420,219.75,222.19000244140600,24554400.0,219.6260986328130
2199,2018-09-26 00:00:00,223.75,219.75999450683600,221.0,220.4199981689450,23984700.0,217.8765106201170
2200,2018-09-27 00:00:00,226.44000244140600,223.5399932861330,223.82000732421900,224.9499969482420,30181200.0,222.354248046875
2201,2018-09-28 00:00:00,225.83999633789100,224.02000427246100,224.7899932861330,225.74000549316400,22929400.0,223.13514709472700
2202,2018-10-01 00:00:00,229.4199981689450,226.35000610351600,227.9499969482420,227.25999450683600,23600800.0,224.63760375976600
2203,2018-10-02 00:00:00,230.0,226.6300048828130,227.25,229.27999877929700,24788200.0,226.63429260253900
2204,2018-10-03 00:00:00,233.47000122070300,229.77999877929700,230.0500030517580,232.07000732421900,28654800.0,229.39208984375
2205,2018-10-04 00:00:00,232.35000610351600,226.72999572753900,230.77999877929700,227.99000549316400,32042000.0,225.3591766357420
2206,2018-10-05 00:00:00,228.41000366210900,220.5800018310550,227.9600067138670,224.2899932861330,33580500.0,221.7018585205080
2207,2018-10-08 00:00:00,224.8000030517580,220.1999969482420,222.2100067138670,223.77000427246100,29663900.0,221.1878662109380
2208,2018-10-09 00:00:00,227.27000427246100,222.25,223.63999938964800,226.8699951171880,26891000.0,224.25209045410200
2209,2018-10-10 00:00:00,226.35000610351600,216.0500030517580,225.4600067138670,216.36000061035200,41990600.0,213.86337280273400
2210,2018-10-11 00:00:00,219.5,212.32000732421900,214.52000427246100,214.4499969482420,53124400.0,211.9754180908200
2211,2018-10-12 00:00:00,222.8800048828130,216.83999633789100,220.4199981689450,222.11000061035200,40337900.0,219.54702758789100
2212,2018-10-15 00:00:00,221.8300018310550,217.27000427246100,221.16000366210900,217.36000061035200,30791000.0,214.85182189941400
2213,2018-10-16 00:00:00,222.99000549316400,216.75999450683600,218.92999267578100,222.14999389648400,29184000.0,219.5865478515630
2214,2018-10-17 00:00:00,222.63999938964800,219.33999633789100,222.3000030517580,221.19000244140600,22885400.0,218.6376495361330
2215,2018-10-18 00:00:00,219.74000549316400,213.0,217.86000061035200,216.02000427246100,32581300.0,213.5272979736330
2216,2018-10-19 00:00:00,221.25999450683600,217.42999267578100,218.05999755859400,219.30999755859400,33078700.0,216.77932739257800
2217,2018-10-22 00:00:00,223.36000061035200,218.94000244140600,219.7899932861330,220.64999389648400,28792100.0,218.10385131835900
2218,2018-10-23 00:00:00,223.25,214.6999969482420,215.8300018310550,222.72999572753900,38767800.0,220.15985107421900
2219,2018-10-24 00:00:00,224.22999572753900,214.5399932861330,222.60000610351600,215.08999633789100,40925500.0,212.60801696777300
2220,2018-10-25 00:00:00,221.3800048828130,216.75,217.7100067138670,219.8000030517580,29855800.0,217.263671875
2221,2018-10-26 00:00:00,220.19000244140600,212.6699981689450,215.89999389648400,216.3000030517580,47258400.0,213.8040771484380
2222,2018-10-29 00:00:00,219.69000244140600,206.08999633789100,219.19000244140600,212.24000549316400,45935500.0,209.79092407226600
2223,2018-10-30 00:00:00,215.17999267578100,209.27000427246100,211.14999389648400,213.3000030517580,36660000.0,210.83868408203100
2224,2018-10-31 00:00:00,220.4499969482420,216.6199951171880,216.8800048828130,218.86000061035200,38358900.0,216.3345184326170
2225,2018-11-01 00:00:00,222.36000061035200,216.80999755859400,219.0500030517580,222.22000122070300,58323200.0,219.65576171875
2226,2018-11-02 00:00:00,213.64999389648400,205.42999267578100,209.5500030517580,207.47999572753900,91328700.0,205.08583068847700
2227,2018-11-05 00:00:00,204.38999938964800,198.1699981689450,204.3000030517580,201.58999633789100,66163700.0,199.26380920410200
2228,2018-11-06 00:00:00,204.72000122070300,201.69000244140600,201.9199981689450,203.77000427246100,31882900.0,201.4186553955080
2229,2018-11-07 00:00:00,210.05999755859400,204.1300048828130,205.97000122070300,209.9499969482420,33424400.0,207.52732849121100
2230,2018-11-08 00:00:00,210.1199951171880,206.75,209.97999572753900,208.49000549316400,25362600.0,206.80325317382800
2231,2018-11-09 00:00:00,206.00999450683600,202.25,205.5500030517580,204.47000122070300,34365800.0,202.81576538085900
2232,2018-11-12 00:00:00,199.85000610351600,193.7899932861330,199.0,194.1699981689450,51135500.0,192.59910583496100
2233,2018-11-13 00:00:00,197.17999267578100,191.4499969482420,191.6300048828130,192.22999572753900,46882900.0,190.67478942871100
2234,2018-11-14 00:00:00,194.47999572753900,185.92999267578100,193.89999389648400,186.8000030517580,60801000.0,185.2887420654300
2235,2018-11-15 00:00:00,191.97000122070300,186.89999389648400,188.38999938964800,191.41000366210900,46478800.0,189.86143493652300
2236,2018-11-16 00:00:00,194.97000122070300,189.4600067138670,190.5,193.52999877929700,36928300.0,191.9642791748050
2237,2018-11-19 00:00:00,190.6999969482420,184.99000549316400,190.0,185.86000061035200,41925300.0,184.35633850097700
2238,2018-11-20 00:00:00,181.47000122070300,175.50999450683600,178.3699951171880,176.97999572753900,67825200.0,175.54815673828100
2239,2018-11-21 00:00:00,180.27000427246100,176.5500030517580,179.72999572753900,176.77999877929700,31124200.0,175.34979248046900
2240,2018-11-23 00:00:00,176.60000610351600,172.10000610351600,174.94000244140600,172.2899932861330,23624000.0,170.8961181640630
2241,2018-11-26 00:00:00,174.9499969482420,170.25999450683600,174.24000549316400,174.6199951171880,44998500.0,173.20726013183600
2242,2018-11-27 00:00:00,174.77000427246100,170.8800048828130,171.50999450683600,174.24000549316400,41387400.0,172.83033752441400
2243,2018-11-28 00:00:00,181.2899932861330,174.92999267578100,176.72999572753900,180.94000244140600,46062500.0,179.47613525390600
2244,2018-11-29 00:00:00,182.8000030517580,177.6999969482420,182.66000366210900,179.5500030517580,41770000.0,178.09738159179700
2245,2018-11-30 00:00:00,180.3300018310550,177.02999877929700,180.2899932861330,178.5800018310550,39531500.0,177.13522338867200
2246,2018-12-03 00:00:00,184.94000244140600,181.2100067138670,184.4600067138670,184.82000732421900,40802500.0,183.3247528076170
2247,2018-12-04 00:00:00,182.38999938964800,176.27000427246100,180.9499969482420,176.69000244140600,41344300.0,175.26051330566400
2248,2018-12-06 00:00:00,174.77999877929700,170.4199981689450,171.75999450683600,174.72000122070300,43098400.0,173.3064727783200
2249,2018-12-07 00:00:00,174.49000549316400,168.3000030517580,173.49000549316400,168.49000549316400,42281600.0,167.12686157226600
2250,2018-12-10 00:00:00,170.08999633789100,163.3300018310550,165.0,169.60000610351600,62026000.0,168.22789001464800
2251,2018-12-11 00:00:00,171.7899932861330,167.0,171.66000366210900,168.6300048828130,47281700.0,167.26573181152300
2252,2018-12-12 00:00:00,171.9199981689450,169.02000427246100,170.39999389648400,169.10000610351600,35627700.0,167.73193359375
2253,2018-12-13 00:00:00,172.57000732421900,169.5500030517580,170.49000549316400,170.9499969482420,31898600.0,169.56695556640600
2254,2018-12-14 00:00:00,169.0800018310550,165.27999877929700,169.0,165.47999572753900,40703700.0,164.14122009277300
2255,2018-12-17 00:00:00,168.35000610351600,162.72999572753900,165.4499969482420,163.94000244140600,44287900.0,162.61367797851600
2256,2018-12-18 00:00:00,167.52999877929700,164.38999938964800,165.3800048828130,166.07000732421900,33841500.0,164.7264404296880
2257,2018-12-19 00:00:00,167.4499969482420,159.08999633789100,166.0,160.88999938964800,49047300.0,159.58834838867200
2258,2018-12-20 00:00:00,162.11000061035200,155.3000030517580,160.39999389648400,156.8300018310550,64773000.0,155.56118774414100
2259,2018-12-21 00:00:00,158.16000366210900,149.6300048828130,156.86000061035200,150.72999572753900,95744600.0,149.5105438232420
2260,2018-12-24 00:00:00,151.5500030517580,146.58999633789100,148.14999389648400,146.8300018310550,37169200.0,145.64208984375
2261,2018-12-26 00:00:00,157.22999572753900,146.72000122070300,148.3000030517580,157.1699981689450,58582500.0,155.8984375
2262,2018-12-27 00:00:00,156.77000427246100,150.07000732421900,155.83999633789100,156.14999389648400,53117100.0,154.88668823242200
2263,2018-12-28 00:00:00,158.52000427246100,154.5500030517580,157.5,156.22999572753900,42291400.0,154.96603393554700
2264,2018-12-31 00:00:00,159.36000061035200,156.47999572753900,158.52999877929700,157.74000549316400,35003500.0,156.46383666992200
2265,2019-01-02 00:00:00,158.85000610351600,154.22999572753900,154.88999938964800,157.9199981689450,37039700.0,156.64236450195300
2266,2019-01-03 00:00:00,145.72000122070300,142.0,143.97999572753900,142.19000244140600,91312200.0,141.03964233398400
2267,2019-01-04 00:00:00,148.5500030517580,143.8000030517580,144.52999877929700,148.25999450683600,58607100.0,147.06051635742200
2268,2019-01-07 00:00:00,148.8300018310550,145.89999389648400,148.6999969482420,147.92999267578100,54777800.0,146.73318481445300
2269,2019-01-08 00:00:00,151.82000732421900,148.52000427246100,149.55999755859400,150.75,41025300.0,149.53038024902300
2270,2019-01-09 00:00:00,154.52999877929700,149.6300048828130,151.2899932861330,153.30999755859400,45099100.0,152.06967163085900
2271,2019-01-10 00:00:00,153.97000122070300,150.86000061035200,152.5,153.8000030517580,35780700.0,152.5557098388670
2272,2019-01-11 00:00:00,153.6999969482420,151.50999450683600,152.8800048828130,152.2899932861330,27023200.0,151.05792236328100
2273,2019-01-14 00:00:00,151.27000427246100,149.22000122070300,150.85000610351600,150.0,32439200.0,148.78643798828100
2274,2019-01-15 00:00:00,153.38999938964800,150.0500030517580,150.27000427246100,153.07000732421900,28710900.0,151.8316192626950
2275,2019-01-16 00:00:00,155.8800048828130,153.0,153.0800018310550,154.94000244140600,30569700.0,153.68649291992200
2276,2019-01-17 00:00:00,157.66000366210900,153.25999450683600,154.1999969482420,155.86000061035200,29821200.0,154.5990447998050
2277,2019-01-18 00:00:00,157.8800048828130,155.97999572753900,157.5,156.82000732421900,33751000.0,155.55128479003900
2278,2019-01-22 00:00:00,156.72999572753900,152.6199951171880,156.41000366210900,153.3000030517580,30394000.0,152.05975341796900
2279,2019-01-23 00:00:00,155.13999938964800,151.6999969482420,154.14999389648400,153.9199981689450,23130600.0,152.6747283935550
2280,2019-01-24 00:00:00,154.47999572753900,151.74000549316400,154.11000061035200,152.6999969482420,25441500.0,151.46461486816400
2281,2019-01-25 00:00:00,158.1300048828130,154.32000732421900,155.47999572753900,157.75999450683600,33535500.0,156.48367309570300
2282,2019-01-28 00:00:00,156.3300018310550,153.66000366210900,155.7899932861330,156.3000030517580,26192100.0,155.03549194335900
2283,2019-01-29 00:00:00,158.1300048828130,154.11000061035200,156.25,154.67999267578100,41587200.0,153.4285888671880
2284,2019-01-30 00:00:00,166.14999389648400,160.22999572753900,163.25,165.25,61109800.0,163.91307067871100
2285,2019-01-31 00:00:00,169.0,164.55999755859400,166.11000061035200,166.44000244140600,40739600.0,165.09344482421900
2286,2019-02-01 00:00:00,168.97999572753900,165.92999267578100,166.9600067138670,166.52000427246100,32668100.0,165.1728057861330
2287,2019-02-04 00:00:00,171.66000366210900,167.27999877929700,167.41000366210900,171.25,31495500.0,169.86453247070300
2288,2019-02-05 00:00:00,175.0800018310550,172.35000610351600,172.86000061035200,174.17999267578100,36101600.0,172.77081298828100
2289,2019-02-06 00:00:00,175.57000732421900,172.85000610351600,174.64999389648400,174.24000549316400,28239600.0,172.83033752441400
2290,2019-02-07 00:00:00,173.94000244140600,170.33999633789100,172.39999389648400,170.94000244140600,31741700.0,169.55703735351600
2291,2019-02-08 00:00:00,170.66000366210900,168.4199981689450,168.99000549316400,170.41000366210900,23820000.0,169.7562713623050
2292,2019-02-11 00:00:00,171.2100067138670,169.25,171.0500030517580,169.42999267578100,20993400.0,168.780029296875
2293,2019-02-12 00:00:00,171.0,169.6999969482420,170.10000610351600,170.88999938964800,22283500.0,170.23443603515600
2294,2019-02-13 00:00:00,172.47999572753900,169.9199981689450,171.38999938964800,170.17999267578100,22490200.0,169.5271453857420
2295,2019-02-14 00:00:00,171.25999450683600,169.3800048828130,169.7100067138670,170.8000030517580,21835700.0,170.144775390625
2296,2019-02-15 00:00:00,171.6999969482420,169.75,171.25,170.4199981689450,24626800.0,169.7662353515630
2297,2019-02-19 00:00:00,171.44000244140600,169.49000549316400,169.7100067138670,170.92999267578100,18972800.0,170.27426147460900
2298,2019-02-20 00:00:00,173.32000732421900,170.99000549316400,171.19000244140600,172.02999877929700,26114400.0,171.37005615234400
2299,2019-02-21 00:00:00,172.3699951171880,170.3000030517580,171.8000030517580,171.05999755859400,17249700.0,170.40377807617200
2300,2019-02-22 00:00:00,173.0,171.3800048828130,171.5800018310550,172.97000122070300,18913200.0,172.30645751953100
2301,2019-02-25 00:00:00,175.8699951171880,173.9499969482420,174.16000366210900,174.22999572753900,21873400.0,173.56161499023400
2302,2019-02-26 00:00:00,175.3000030517580,173.1699981689450,173.7100067138670,174.3300018310550,17070200.0,173.66123962402300
2303,2019-02-27 00:00:00,175.0,172.72999572753900,173.2100067138670,174.8699951171880,27835400.0,174.19915771484400
2304,2019-02-28 00:00:00,174.91000366210900,172.9199981689450,174.32000732421900,173.14999389648400,28215400.0,172.48574829101600
2305,2019-03-01 00:00:00,175.14999389648400,172.88999938964800,174.27999877929700,174.97000122070300,25886200.0,174.2987823486330
2306,2019-03-04 00:00:00,177.75,173.97000122070300,175.69000244140600,175.85000610351600,27436200.0,175.1754150390630
2307,2019-03-05 00:00:00,176.0,174.5399932861330,175.94000244140600,175.52999877929700,19737400.0,174.85662841796900
2308,2019-03-06 00:00:00,175.49000549316400,173.94000244140600,174.6699981689450,174.52000427246100,20810400.0,173.8505096435550
2309,2019-03-07 00:00:00,174.44000244140600,172.02000427246100,173.8699951171880,172.5,24796400.0,171.8382568359380
2310,2019-03-08 00:00:00,173.07000732421900,169.5,170.32000732421900,172.91000366210900,23999400.0,172.24668884277300
2311,2019-03-11 00:00:00,179.1199951171880,175.35000610351600,175.49000549316400,178.89999389648400,32011000.0,178.2136993408200
2312,2019-03-12 00:00:00,182.6699981689450,179.3699951171880,180.0,180.91000366210900,32467600.0,180.2159881591800
2313,2019-03-13 00:00:00,183.3000030517580,180.9199981689450,182.25,181.7100067138670,31032500.0,181.01292419433600
2314,2019-03-14 00:00:00,184.10000610351600,182.55999755859400,183.89999389648400,183.72999572753900,23579500.0,183.02516174316400
2315,2019-03-15 00:00:00,187.3300018310550,183.74000549316400,184.85000610351600,186.1199951171880,39042900.0,185.406005859375
2316,2019-03-18 00:00:00,188.38999938964800,185.7899932861330,185.8000030517580,188.02000427246100,26219800.0,187.29872131347700
2317,2019-03-19 00:00:00,188.99000549316400,185.9199981689450,188.35000610351600,186.52999877929700,31646400.0,185.81442260742200
2318,2019-03-20 00:00:00,189.49000549316400,184.72999572753900,186.22999572753900,188.16000366210900,31035200.0,187.4381866455080
2319,2019-03-21 00:00:00,196.3300018310550,189.80999755859400,190.02000427246100,195.08999633789100,51034200.0,194.34158325195300
2320,2019-03-22 00:00:00,197.69000244140600,190.77999877929700,195.33999633789100,191.0500030517580,42407700.0,190.3170928955080
2321,2019-03-25 00:00:00,191.97999572753900,186.60000610351600,191.50999450683600,188.74000549316400,43845300.0,188.01596069335900
2322,2019-03-26 00:00:00,192.8800048828130,184.5800018310550,191.66000366210900,186.7899932861330,49800500.0,186.07342529296900
2323,2019-03-27 00:00:00,189.75999450683600,186.5500030517580,188.75,188.47000122070300,29848400.0,187.7469940185550
2324,2019-03-28 00:00:00,189.55999755859400,187.52999877929700,188.9499969482420,188.72000122070300,20780400.0,187.99603271484400
2325,2019-03-29 00:00:00,190.0800018310550,188.5399932861330,189.8300018310550,189.9499969482420,23564000.0,189.2213134765630
2326,2019-04-01 00:00:00,191.67999267578100,188.3800048828130,191.63999938964800,191.24000549316400,27862000.0,190.50636291503900
2327,2019-04-02 00:00:00,194.4600067138670,191.0500030517580,191.08999633789100,194.02000427246100,22765700.0,193.27569580078100
2328,2019-04-03 00:00:00,196.5,193.14999389648400,193.25,195.35000610351600,23271800.0,194.60060119628900
2329,2019-04-04 00:00:00,196.3699951171880,193.13999938964800,194.7899932861330,195.69000244140600,19114300.0,194.93930053710900
2330,2019-04-05 00:00:00,197.10000610351600,195.92999267578100,196.4499969482420,197.0,18526600.0,196.2442626953130
2331,2019-04-08 00:00:00,200.22999572753900,196.33999633789100,196.4199981689450,200.10000610351600,25881700.0,199.33238220214800
2332,2019-04-09 00:00:00,202.85000610351600,199.22999572753900,200.32000732421900,199.5,35768200.0,198.73468017578100
2333,2019-04-10 00:00:00,200.74000549316400,198.17999267578100,198.67999267578100,200.6199951171880,21695300.0,199.85037231445300
2334,2019-04-11 00:00:00,201.0,198.44000244140600,200.85000610351600,198.9499969482420,20900800.0,198.18678283691400
2335,2019-04-12 00:00:00,200.13999938964800,196.2100067138670,199.1999969482420,198.8699951171880,27760700.0,198.10708618164100
2336,2019-04-15 00:00:00,199.85000610351600,198.00999450683600,198.5800018310550,199.22999572753900,17536600.0,198.46571350097700
2337,2019-04-16 00:00:00,201.3699951171880,198.55999755859400,199.4600067138670,199.25,25696400.0,198.4856414794920
2338,2019-04-17 00:00:00,203.3800048828130,198.61000061035200,199.5399932861330,203.1300048828130,28906800.0,202.3507537841800
2339,2019-04-18 00:00:00,204.14999389648400,202.52000427246100,203.1199951171880,203.86000061035200,24195800.0,203.0779571533200
2340,2019-04-22 00:00:00,204.94000244140600,202.33999633789100,202.8300018310550,204.52999877929700,19439500.0,203.74537658691400
2341,2019-04-23 00:00:00,207.75,203.89999389648400,204.42999267578100,207.47999572753900,23323000.0,206.68405151367200
2342,2019-04-24 00:00:00,208.47999572753900,207.0500030517580,207.36000061035200,207.16000366210900,17540600.0,206.36529541015600
2343,2019-04-25 00:00:00,207.75999450683600,205.1199951171880,206.8300018310550,205.27999877929700,18543200.0,204.4925079345700
2344,2019-04-26 00:00:00,205.0,202.1199951171880,204.89999389648400,204.3000030517580,18649100.0,203.51626586914100
2345,2019-04-29 00:00:00,205.97000122070300,203.86000061035200,204.39999389648400,204.61000061035200,22204700.0,203.8250732421880
2346,2019-04-30 00:00:00,203.39999389648400,199.11000061035200,203.05999755859400,200.6699981689450,46534900.0,199.9001922607420
2347,2019-05-01 00:00:00,215.30999755859400,209.22999572753900,209.8800048828130,210.52000427246100,64827300.0,209.71240234375
2348,2019-05-02 00:00:00,212.64999389648400,208.1300048828130,209.83999633789100,209.14999389648400,31996300.0,208.34765625
2349,2019-05-03 00:00:00,211.83999633789100,210.22999572753900,210.88999938964800,211.75,20892400.0,210.93768310546900
2350,2019-05-06 00:00:00,208.83999633789100,203.5,204.2899932861330,208.47999572753900,32443100.0,207.6802215576170
2351,2019-05-07 00:00:00,207.4199981689450,200.8300018310550,205.8800048828130,202.86000061035200,38763700.0,202.081787109375
2352,2019-05-08 00:00:00,205.33999633789100,201.75,201.89999389648400,202.89999389648400,26339500.0,202.1216278076170
2353,2019-05-09 00:00:00,201.67999267578100,196.66000366210900,200.39999389648400,200.72000122070300,34908600.0,199.9499969482420
2354,2019-05-10 00:00:00,198.85000610351600,192.77000427246100,197.4199981689450,197.17999267578100,41208700.0,197.17999267578100
2355,2019-05-13 00:00:00,189.47999572753900,182.85000610351600,187.7100067138670,185.72000122070300,57430600.0,185.72000122070300
2356,2019-05-14 00:00:00,189.6999969482420,185.41000366210900,186.41000366210900,188.66000366210900,36529700.0,188.66000366210900
2357,2019-05-15 00:00:00,191.75,186.02000427246100,186.27000427246100,190.9199981689450,26544700.0,190.9199981689450
2358,2019-05-16 00:00:00,192.47000122070300,188.83999633789100,189.91000366210900,190.0800018310550,33031400.0,190.0800018310550
2359,2019-05-17 00:00:00,190.89999389648400,186.75999450683600,186.92999267578100,189.0,32879100.0,189.0
2360,2019-05-20 00:00:00,184.35000610351600,180.27999877929700,183.52000427246100,183.08999633789100,38612300.0,183.08999633789100
2361,2019-05-21 00:00:00,188.0,184.6999969482420,185.22000122070300,186.60000610351600,28364800.0,186.60000610351600
2362,2019-05-22 00:00:00,185.7100067138670,182.5500030517580,184.66000366210900,182.77999877929700,29748600.0,182.77999877929700
2363,2019-05-23 00:00:00,180.5399932861330,177.80999755859400,179.8000030517580,179.66000366210900,36529700.0,179.66000366210900
2364,2019-05-24 00:00:00,182.13999938964800,178.6199951171880,180.1999969482420,178.97000122070300,23714700.0,178.97000122070300
2365,2019-05-28 00:00:00,180.58999633789100,177.91000366210900,178.9199981689450,178.22999572753900,27948200.0,178.22999572753900
2366,2019-05-29 00:00:00,179.35000610351600,176.0,176.4199981689450,177.3800048828130,28481200.0,177.3800048828130
2367,2019-05-30 00:00:00,179.22999572753900,176.6699981689450,177.9499969482420,178.3000030517580,21218400.0,178.3000030517580
2368,2019-05-31 00:00:00,177.99000549316400,174.99000549316400,176.22999572753900,175.07000732421900,27043600.0,175.07000732421900
2369,2019-06-03 00:00:00,177.9199981689450,170.27000427246100,175.60000610351600,173.3000030517580,40396100.0,173.3000030517580
2370,2019-06-04 00:00:00,179.8300018310550,174.52000427246100,175.44000244140600,179.63999938964800,30968000.0,179.63999938964800
2371,2019-06-05 00:00:00,184.99000549316400,181.13999938964800,184.27999877929700,182.5399932861330,29773400.0,182.5399932861330
2372,2019-06-06 00:00:00,185.47000122070300,182.14999389648400,183.0800018310550,185.22000122070300,22526300.0,185.22000122070300
2373,2019-06-07 00:00:00,191.9199981689450,185.77000427246100,186.50999450683600,190.14999389648400,30684400.0,190.14999389648400
2374,2019-06-10 00:00:00,195.3699951171880,191.6199951171880,191.80999755859400,192.5800018310550,26220900.0,192.5800018310550
2375,2019-06-11 00:00:00,196.0,193.60000610351600,194.86000061035200,194.80999755859400,26932900.0,194.80999755859400
2376,2019-06-12 00:00:00,195.97000122070300,193.38999938964800,193.9499969482420,194.19000244140600,18253200.0,194.19000244140600
2377,2019-06-13 00:00:00,196.7899932861330,193.60000610351600,194.6999969482420,194.14999389648400,21674600.0,194.14999389648400
2378,2019-06-14 00:00:00,193.58999633789100,190.3000030517580,191.5500030517580,192.74000549316400,18761500.0,192.74000549316400
2379,2019-06-17 00:00:00,194.9600067138670,192.1699981689450,192.89999389648400,193.88999938964800,14669100.0,193.88999938964800
2380,2019-06-18 00:00:00,200.2899932861330,195.2100067138670,196.0500030517580,198.4499969482420,26551000.0,198.4499969482420
2381,2019-06-19 00:00:00,199.8800048828130,197.30999755859400,199.67999267578100,197.8699951171880,21124200.0,197.8699951171880
2382,2019-06-20 00:00:00,200.61000061035200,198.02999877929700,200.3699951171880,199.4600067138670,21514000.0,199.4600067138670
2383,2019-06-21 00:00:00,200.85000610351600,198.14999389648400,198.8000030517580,198.77999877929700,47800600.0,198.77999877929700
2384,2019-06-24 00:00:00,200.16000366210900,198.1699981689450,198.5399932861330,198.5800018310550,18220400.0,198.5800018310550
2385,2019-06-25 00:00:00,199.25999450683600,195.2899932861330,198.42999267578100,195.57000732421900,21070300.0,195.57000732421900
2386,2019-06-26 00:00:00,200.99000549316400,197.35000610351600,197.77000427246100,199.8000030517580,26067500.0,199.8000030517580
2387,2019-06-27 00:00:00,201.57000732421900,199.57000732421900,200.2899932861330,199.74000549316400,20899700.0,199.74000549316400
2388,2019-06-28 00:00:00,199.5,197.0500030517580,198.67999267578100,197.9199981689450,31110600.0,197.9199981689450
2389,2019-07-01 00:00:00,204.49000549316400,200.64999389648400,203.1699981689450,201.5500030517580,27316700.0,201.5500030517580
2390,2019-07-02 00:00:00,203.1300048828130,201.36000061035200,201.41000366210900,202.72999572753900,16935200.0,202.72999572753900
2391,2019-07-03 00:00:00,204.44000244140600,202.69000244140600,203.27999877929700,204.41000366210900,11362000.0,204.41000366210900
2392,2019-07-05 00:00:00,205.0800018310550,202.89999389648400,203.35000610351600,204.22999572753900,17265500.0,204.22999572753900
2393,2019-07-08 00:00:00,201.39999389648400,198.41000366210900,200.80999755859400,200.02000427246100,25338600.0,200.02000427246100
2394,2019-07-09 00:00:00,201.50999450683600,198.80999755859400,199.1999969482420,201.24000549316400,20578000.0,201.24000549316400
2395,2019-07-10 00:00:00,203.72999572753900,201.55999755859400,201.85000610351600,203.22999572753900,17897100.0,203.22999572753900
2396,2019-07-11 00:00:00,204.38999938964800,201.7100067138670,203.30999755859400,201.75,20191800.0,201.75
2397,2019-07-12 00:00:00,204.0,202.1999969482420,202.4499969482420,203.3000030517580,17595200.0,203.3000030517580
2398,2019-07-15 00:00:00,205.8699951171880,204.0,204.08999633789100,205.2100067138670,16947400.0,205.2100067138670
2399,2019-07-16 00:00:00,206.11000061035200,203.5,204.58999633789100,204.5,16866800.0,204.5
2400,2019-07-17 00:00:00,205.08999633789100,203.27000427246100,204.0500030517580,203.35000610351600,14107500.0,203.35000610351600
2401,2019-07-18 00:00:00,205.8800048828130,203.6999969482420,204.0,205.66000366210900,18582200.0,205.66000366210900
2402,2019-07-19 00:00:00,206.5,202.36000061035200,205.7899932861330,202.58999633789100,20929300.0,202.58999633789100
2403,2019-07-22 00:00:00,207.22999572753900,203.61000061035200,203.64999389648400,207.22000122070300,22277900.0,207.22000122070300
2404,2019-07-23 00:00:00,208.91000366210900,207.2899932861330,208.4600067138670,208.83999633789100,18355200.0,208.83999633789100
2405,2019-07-24 00:00:00,209.14999389648400,207.1699981689450,207.6699981689450,208.6699981689450,14991600.0,208.6699981689450
2406,2019-07-25 00:00:00,209.24000549316400,206.72999572753900,208.88999938964800,207.02000427246100,13909600.0,207.02000427246100
2407,2019-07-26 00:00:00,209.72999572753900,207.13999938964800,207.47999572753900,207.74000549316400,17618900.0,207.74000549316400
2408,2019-07-29 00:00:00,210.63999938964800,208.44000244140600,208.4600067138670,209.67999267578100,21673400.0,209.67999267578100
2409,2019-07-30 00:00:00,210.16000366210900,207.30999755859400,208.75999450683600,208.77999877929700,33935700.0,208.77999877929700
2410,2019-07-31 00:00:00,221.3699951171880,211.3000030517580,216.4199981689450,213.0399932861330,68892300.0,213.0399932861330
2411,2019-08-01 00:00:00,218.02999877929700,213.82000732421900,213.89999389648400,217.4949951171880,17216878.0,217.4949951171880
2412,2019-08-01 00:00:00,218.02999877929700,206.74000549316400,213.89999389648400,208.42999267578100,53891700.0,208.42999267578100
2413,2019-08-02 00:00:00,206.42999267578100,201.6300048828130,205.52999877929700,204.02000427246100,38503112.0,204.02000427246100
2414,2019-08-02 00:00:00,206.42999267578100,201.6300048828130,205.52999877929700,204.02000427246100,38688200.0,204.02000427246100
2415,2019-08-05 00:00:00,198.6490020751950,192.5800018310550,197.99000549316400,193.33999633789100,52392969.0,193.33999633789100
2416,2019-08-05 00:00:00,198.64999389648400,192.5800018310550,197.99000549316400,193.33999633789100,51800000.0,193.33999633789100
2417,2019-08-06 00:00:00,198.0500030517580,194.0399932861330,196.30999755859400,197.0,33215868.0,197.0
2418,2019-08-06 00:00:00,198.07000732421900,194.0399932861330,196.30999755859400,197.0,35793200.0,197.0
2419,2019-08-07 00:00:00,199.55999755859400,193.8218994140630,195.41000366210900,199.0399932861330,29906897.0,199.0399932861330
2420,2019-08-07 00:00:00,199.55999755859400,193.82000732421900,195.41000366210900,199.0399932861330,33300300.0,199.0399932861330
2421,2019-08-08 00:00:00,203.52000427246100,199.38999938964800,200.1999969482420,203.42999267578100,23890646.0,203.42999267578100
2422,2019-08-08 00:00:00,203.52999877929700,199.38999938964800,200.1999969482420,203.42999267578100,26708600.0,203.42999267578100
2423,2019-08-09 00:00:00,202.75999450683600,199.3000030517580,201.3000030517580,200.99000549316400,23810830.0,200.99000549316400
2424,2019-08-09 00:00:00,202.75999450683600,199.2899932861330,201.3000030517580,200.99000549316400,24423000.0,200.99000549316400
2425,2019-08-12 00:00:00,202.05160522460900,199.14999389648400,199.6199951171880,200.47999572753900,20102044.0,200.47999572753900
2426,2019-08-12 00:00:00,202.0500030517580,199.14999389648400,199.6199951171880,200.47999572753900,22474900.0,200.47999572753900
2427,2019-08-13 00:00:00,212.13999938964800,200.47999572753900,201.02000427246100,208.97000122070300,44120719.0,208.97000122070300
2428,2019-08-13 00:00:00,212.13999938964800,200.47999572753900,201.02000427246100,208.97000122070300,47218500.0,208.97000122070300
2429,2019-08-14 00:00:00,206.43499755859400,202.58689880371100,203.16000366210900,202.75,32011285.0,202.75
2430,2019-08-14 00:00:00,206.44000244140600,202.58999633789100,203.16000366210900,202.75,36453100.0,202.75
2431,2019-08-15 00:00:00,205.13999938964800,199.6699981689450,203.4600067138670,201.74000549316400,25247905.0,201.74000549316400
2432,2019-08-15 00:00:00,205.13999938964800,199.6699981689450,203.4600067138670,201.74000549316400,27227400.0,201.74000549316400
2433,2019-08-16 00:00:00,207.16000366210900,203.83999633789100,204.27999877929700,206.5,28803963.0,206.5
2434,2019-08-16 00:00:00,207.16000366210900,203.83999633789100,204.27999877929700,206.5,27620400.0,206.5
2435,2019-08-19 00:00:00,212.71719360351600,210.02499389648400,210.6199951171880,210.35000610351600,23465522.0,210.35000610351600
2436,2019-08-19 00:00:00,212.72999572753900,210.02999877929700,210.6199951171880,210.35000610351600,24413600.0,210.35000610351600
2437,2019-08-20 00:00:00,213.35000610351600,210.33999633789100,210.8800048828130,210.36000061035200,21553435.0,210.36000061035200
2438,2019-08-20 00:00:00,213.35000610351600,210.32000732421900,210.8800048828130,210.36000061035200,26884300.0,210.36000061035200
2439,2019-08-21 00:00:00,213.64999389648400,211.6031951904300,210.6199951171880,212.63999938964800,19142740.0,212.63999938964800
2440,2019-08-21 00:00:00,213.64999389648400,211.60000610351600,212.99000549316400,212.63999938964800,21535400.0,212.63999938964800
2441,2019-08-22 00:00:00,214.43499755859400,210.75,213.19000244140600,212.4600067138670,19719256.0,212.4600067138670
2442,2019-08-22 00:00:00,214.44000244140600,210.75,213.19000244140600,212.4600067138670,22253700.0,212.4600067138670
2443,2019-08-23 00:00:00,212.0500030517580,201.83999633789100,209.42999267578100,202.63999938964800,41823761.0,202.63999938964800
2444,2019-08-23 00:00:00,212.0500030517580,201.0,209.42999267578100,202.63999938964800,46818000.0,202.63999938964800
2445,2019-08-26 00:00:00,207.19000244140600,205.05999755859400,205.86000061035200,206.49000549316400,23875460.0,206.49000549316400
2446,2019-08-26 00:00:00,207.19000244140600,205.05999755859400,205.86000061035200,206.49000549316400,26043600.0,206.49000549316400
2447,2019-08-27 00:00:00,208.5500030517580,203.52999877929700,207.86000061035200,204.16000366210900,25873300.0,204.16000366210900
2448,2019-08-28 00:00:00,205.72000122070300,203.32000732421900,204.10000610351600,205.52999877929700,14311648.0,205.52999877929700
2449,2019-08-28 00:00:00,205.72000122070300,203.32000732421900,204.10000610351600,205.52999877929700,15938800.0,205.52999877929700
2450,2019-08-29 00:00:00,209.32000732421900,206.6699981689450,208.5,209.00999450683600,20549022.0,209.00999450683600
2451,2019-08-29 00:00:00,209.32000732421900,206.66000366210900,208.5,209.00999450683600,20990500.0,209.00999450683600
2452,2019-08-30 00:00:00,210.4499969482420,207.1999969482420,210.16000366210900,208.74000549316400,19540438.0,208.74000549316400
2453,2019-08-30 00:00:00,210.4499969482420,207.1999969482420,210.16000366210900,208.74000549316400,21143400.0,208.74000549316400
2454,2019-09-03 00:00:00,206.97999572753900,204.22000122070300,206.42999267578100,205.6999969482420,18213357.0,205.6999969482420
2455,2019-09-03 00:00:00,206.97999572753900,204.22000122070300,206.42999267578100,205.6999969482420,20023000.0,205.6999969482420
2456,2019-09-04 00:00:00,209.47019958496100,207.32000732421900,208.38999938964800,209.19000244140600,16869034.0,209.19000244140600